CODIGO_ANTIGO;CODIGO_ATUAL;TIPO_LIGACAO;STATUS;OBSERVACAO;FLAG_APLICAR_CONTINUIDADE;FLAG_MESMA_RAIZ;CODIGO_FINAL;QTD_SALTOS
TLPP3;VIVT3;TROCA_DE_CODIGO;OPERACIONAL;Telefônica Brasil;True;False;VIVT3;1
DROG3;RADL3;TROCA_DE_CODIGO;OPERACIONAL;Drogasil / Raia Drogasil;True;False;RADL3;1
TRNA11;TAEE11;TROCA_DE_CODIGO;OPERACIONAL;Terna / Taesa;True;False;TAEE11;1
MPXE3;ENEV3;TROCA_DE_CODIGO;OPERACIONAL;MPX / Eneva;True;False;ENEV3;1
HRTP3;PRIO3;TROCA_DE_CODIGO;OPERACIONAL;HRT / PRIO;True;False;PRIO3;1
TBLE3;EGIE3;TROCA_DE_CODIGO;OPERACIONAL;Tractebel / Engie;True;False;EGIE3;1
KROT3;COGN3;TROCA_DE_CODIGO;OPERACIONAL;Kroton / Cogna;True;False;COGN3;1
CRDE3;FIEI3;TROCA_DE_CODIGO;OPERACIONAL;Caso documentado no código;True;False;FIEI3;1
SUZB5;SUZB3;CONVERSAO_DE_CLASSE;OPERACIONAL;PN para ON;True;True;SUZB3;1
CAMB4;CAMB3;CONVERSAO_DE_CLASSE;OPERACIONAL;PN para ON;True;True;CAMB3;1
DTEX3;DXCO3;ALIAS_HISTORICO;DOCUMENTADO;Duratex / Dexco;True;False;DXCO3;1
GUAR3;RIAA3;TROCA_DE_CODIGO;MANUAL_VALIDADO;Continuidade manual;True;False;RIAA3;1
TRPL3;ISAE3;TROCA_DE_CODIGO;MANUAL_VALIDADO;Continuidade manual;True;False;ISAE3;1
TRPL4;ISAE4;TROCA_DE_CODIGO;MANUAL_VALIDADO;Continuidade manual;True;False;ISAE4;1
ESTC3;YDUQ3;TROCA_DE_CODIGO;MANUAL_VALIDADO;Continuidade manual;True;False;YDUQ3;1
CCRO3;MOTV3;TROCA_DE_CODIGO;MANUAL_VALIDADO;Continuidade manual;True;False;MOTV3;1
CARD3;CSUD3;TROCA_DE_CODIGO;MANUAL_VALIDADO;Continuidade manual;True;False;CSUD3;1
CCPR3;SYNE3;TROCA_DE_CODIGO;MANUAL_VALIDADO;Continuidade manual;True;False;SYNE3;1
ELET3;AXIA3;TROCA_DE_CODIGO;MANUAL_VALIDADO;Continuidade manual;True;False;AXIA3;1
SEER3;BIED3;NAO_DETERMINADO;INVESTIGATIVO;Teste de continuidade;False;False;;
FICA3;FIEI3;NAO_DETERMINADO;INVESTIGATIVO;Teste de continuidade;False;False;;
GPAR3;DEXP3;NAO_DETERMINADO;INVESTIGATIVO;Teste de continuidade;False;False;;
DOHL4;DOHL3;NAO_DETERMINADO;INVESTIGATIVO;Teste de continuidade;False;True;;
EUCA4;EUCA3;NAO_DETERMINADO;INVESTIGATIVO;Teste de continuidade;False;True;;
GETI3;EGIE3;NAO_DETERMINADO;INVESTIGATIVO;Teste de continuidade;False;False;;
RIOS4;RSUL4;NAO_DETERMINADO;INVESTIGATIVO;Teste de continuidade;False;False;;
CELE4;CLSC4;NAO_DETERMINADO;INVESTIGATIVO;Teste de continuidade;False;False;;
MPXW3;ENEV3;NAO_DETERMINADO;INVESTIGATIVO;Teste de continuidade;False;False;;
FRAS4;FRAS3;NAO_DETERMINADO;INVESTIGATIVO;Teste de continuidade;False;True;;
RMTN3;ENMT3;NAO_DETERMINADO;INVESTIGATIVO;Teste de continuidade;False;False;;
RMTN4;ENMT4;NAO_DETERMINADO;INVESTIGATIVO;Teste de continuidade;False;False;;
SNPR3;SAPR3;NAO_DETERMINADO;INVESTIGATIVO;Teste de continuidade;False;False;;
SNPR4;SAPR4;NAO_DETERMINADO;INVESTIGATIVO;Teste de continuidade;False;False;;
