CODIGO_EMISSOR_ANTIGO;CNPJ_DESTINO;TIPO_EVENTO;STATUS;OBSERVACAO
ALLL;02387241000160;RENOMEACAO_MESMO_CNPJ;MANUAL_VALIDADO;ALL AMER LAT, pregão 2011-2015 → Rumo S.A. (17450, RAIL)
LLXL;08741499000108;RENOMEACAO_MESMO_CNPJ;MANUAL_VALIDADO;LLX LOG, pregão 2011-2014 → Prumo Logística (21482, PRML)
OHLB;02919555000167;RENOMEACAO_MESMO_CNPJ;MANUAL_VALIDADO;OHL BRASIL, pregão 2011-2012 → Arteris (19771, ARTR)
ABRE;02541982000154;RENOMEACAO_MESMO_CNPJ;MANUAL_VALIDADO;ABRIL EDUCA, pregão 2011-2015 → Somos Educação (22551, SEDU)
ECOD;05799312000120;RENOMEACAO_MESMO_CNPJ;MANUAL_VALIDADO;ECODIESEL, pregão 2011 → Vanguarda Agro → Terra Santa Agro (20354, TESA)
VAGR;05799312000120;RENOMEACAO_MESMO_CNPJ;MANUAL_VALIDADO;V-AGRO, pregão 2011-2016 → Terra Santa Agro (20354, TESA)
GLOB;33041260065290;RENOMEACAO_MESMO_CNPJ;MANUAL_VALIDADO;GLOBEX, pregão 2011-2012 → Via Varejo → Grupo Casas Bahia (6505, VVAR)
INPR;67571414000141;RENOMEACAO_MESMO_CNPJ;MANUAL_VALIDADO;INPAR S/A, pregão 2011 → Viver Incorporadora (20702, VIVR)
CMGR;03467321000199;RENOMEACAO_MESMO_CNPJ;MANUAL_VALIDADO;CEMAT, pregão 2011-2015 → Energisa Mato Grosso (14605, ENMT)
SGAS;33228024000151;RENOMEACAO_MESMO_CNPJ;MANUAL_VALIDADO;"WLM IND COM (NOMRES do próprio SGAS), pregão 2011-2017 → WLM Part. e Comércio (11070, WLMM); evidência nos dados, não em fonte externa"
BRTO;76535764000143;RENOMEACAO_MESMO_CNPJ;MANUAL_VALIDADO;BRASIL TELEC, pregão 2011-2012 → Oi S.A. (11312, OIBR)
BTTL;42331462000131;RENOMEACAO_MESMO_CNPJ;MANUAL_VALIDADO;BATTISTELLA, pregão 2011-2021 → Embpar Participações (15458, EPAR3 desde 06/2021)
OGSA;07957093000196;RENOMEACAO_MESMO_CNPJ;INVESTIGATIVO;"NOVA OLEO, pregão 2015-2017 → Óleo e Gás Participações (20168; ex-OGX, depois Dommo Energia); sem demonstração da 20168 nos anos de pregão"
DMMO;07957093000196;RENOMEACAO_MESMO_CNPJ;INVESTIGATIVO;"DOMMO, pregão 2017-2023 → Óleo e Gás Participações (20168; Dommo Energia desde 2017); sem demonstração da 20168 nos anos de pregão"
TCSL;02558115000121;RENOMEACAO_MESMO_CNPJ;MANUAL_VALIDADO;TIM PART S/A, pregão 2011 → TIM Participações (17639), código anterior ao TIMP
TNLP;02558134000158;EMPRESA_CANCELADA_SEM_CODIGO_ATUAL;MANUAL_VALIDADO;TELEMAR, pregão 2011-2012 → Tele Norte Leste Participações (17655)
VIVO;02558074000173;EMPRESA_CANCELADA_SEM_CODIGO_ATUAL;MANUAL_VALIDADO;VIVO, pregão 2011 → Vivo Participações (17710)
PRTX;10846981000146;EMPRESA_CANCELADA_SEM_CODIGO_ATUAL;MANUAL_VALIDADO;PORTX, pregão 2011-2012 → PortX Operações Portuárias (21776)
