ID_EXECUCAO;FONTE;ANO_REFERENCIA;NOME_LOGICO;MOTIVO_DECISAO;RESULTADO;RESULTADO_TENTATIVA;FLAG_FONTE_INDISPONIVEL;HTTP_STATUS;ACAO;VERSAO_LOCAL;DETALHE;CRITICO;CAMINHO_RELATIVO
20261004_014443;CVM_CAD;;cad_cia_aberta.csv;SEM_VERSAO_LOCAL;REGISTRADO;REGISTRADO;False;200;NOVA_VERSAO;1;;False;data/raw/cvm_cad/cad_cia_aberta__20261004_87222302.csv
20261004_014443;CVM_DFP;2011.0;dfp_cia_aberta_2011.zip;SEM_VERSAO_LOCAL;REGISTRADO;REGISTRADO;False;200;NOVA_VERSAO;1;;False;data/raw/cvm_dfp/dfp_cia_aberta_2011__20261004_858423fb.zip
20261004_014443;CVM_DFP;2012.0;dfp_cia_aberta_2012.zip;SEM_VERSAO_LOCAL;REGISTRADO;REGISTRADO;False;200;NOVA_VERSAO;1;;False;data/raw/cvm_dfp/dfp_cia_aberta_2012__20261004_3aff7a72.zip
20261004_014443;CVM_DFP;2013.0;dfp_cia_aberta_2013.zip;SEM_VERSAO_LOCAL;REGISTRADO;REGISTRADO;False;200;NOVA_VERSAO;1;;False;data/raw/cvm_dfp/dfp_cia_aberta_2013__20261004_ef379ac9.zip
20261004_014443;CVM_DFP;2014.0;dfp_cia_aberta_2014.zip;SEM_VERSAO_LOCAL;REGISTRADO;REGISTRADO;False;200;NOVA_VERSAO;1;;False;data/raw/cvm_dfp/dfp_cia_aberta_2014__20261004_b8795dba.zip
20261004_014443;CVM_DFP;2015.0;dfp_cia_aberta_2015.zip;SEM_VERSAO_LOCAL;REGISTRADO;REGISTRADO;False;200;NOVA_VERSAO;1;;False;data/raw/cvm_dfp/dfp_cia_aberta_2015__20261004_39a7001b.zip
20261004_014443;CVM_DFP;2016.0;dfp_cia_aberta_2016.zip;SEM_VERSAO_LOCAL;REGISTRADO;REGISTRADO;False;200;NOVA_VERSAO;1;;False;data/raw/cvm_dfp/dfp_cia_aberta_2016__20261004_772f06a7.zip
20261004_014443;CVM_DFP;2017.0;dfp_cia_aberta_2017.zip;SEM_VERSAO_LOCAL;REGISTRADO;REGISTRADO;False;200;NOVA_VERSAO;1;;False;data/raw/cvm_dfp/dfp_cia_aberta_2017__20261004_1ff8185d.zip
20261004_014443;CVM_DFP;2018.0;dfp_cia_aberta_2018.zip;SEM_VERSAO_LOCAL;REGISTRADO;REGISTRADO;False;200;NOVA_VERSAO;1;;False;data/raw/cvm_dfp/dfp_cia_aberta_2018__20261004_280dcf5a.zip
20261004_014443;CVM_DFP;2019.0;dfp_cia_aberta_2019.zip;SEM_VERSAO_LOCAL;REGISTRADO;REGISTRADO;False;200;NOVA_VERSAO;1;;False;data/raw/cvm_dfp/dfp_cia_aberta_2019__20261004_bc82a116.zip
20261004_014443;CVM_DFP;2020.0;dfp_cia_aberta_2020.zip;SEM_VERSAO_LOCAL;REGISTRADO;REGISTRADO;False;200;NOVA_VERSAO;1;;False;data/raw/cvm_dfp/dfp_cia_aberta_2020__20261004_8fb97d18.zip
20261004_014443;CVM_DFP;2021.0;dfp_cia_aberta_2021.zip;SEM_VERSAO_LOCAL;REGISTRADO;REGISTRADO;False;200;NOVA_VERSAO;1;;False;data/raw/cvm_dfp/dfp_cia_aberta_2021__20261004_64b8693b.zip
20261004_014443;CVM_DFP;2022.0;dfp_cia_aberta_2022.zip;SEM_VERSAO_LOCAL;REGISTRADO;REGISTRADO;False;200;NOVA_VERSAO;1;;False;data/raw/cvm_dfp/dfp_cia_aberta_2022__20261004_dd67d4fb.zip
20261004_014443;CVM_DFP;2023.0;dfp_cia_aberta_2023.zip;SEM_VERSAO_LOCAL;REGISTRADO;REGISTRADO;False;200;NOVA_VERSAO;1;;False;data/raw/cvm_dfp/dfp_cia_aberta_2023__20261004_0ca6490b.zip
20261004_014443;CVM_DFP;2024.0;dfp_cia_aberta_2024.zip;SEM_VERSAO_LOCAL;REGISTRADO;REGISTRADO;False;200;NOVA_VERSAO;1;;False;data/raw/cvm_dfp/dfp_cia_aberta_2024__20261004_ffc488e1.zip
20261004_014443;CVM_DFP;2025.0;dfp_cia_aberta_2025.zip;SEM_VERSAO_LOCAL;REGISTRADO;REGISTRADO;False;200;NOVA_VERSAO;1;;False;data/raw/cvm_dfp/dfp_cia_aberta_2025__20261004_336a92cc.zip
20261004_014443;CVM_DFP;2026.0;dfp_cia_aberta_2026.zip;SEM_VERSAO_LOCAL;REGISTRADO;REGISTRADO;False;200;NOVA_VERSAO;1;;False;data/raw/cvm_dfp/dfp_cia_aberta_2026__20261004_73806161.zip
20261004_014443;CVM_ITR;2011.0;itr_cia_aberta_2011.zip;SEM_VERSAO_LOCAL;REGISTRADO;REGISTRADO;False;200;NOVA_VERSAO;1;;False;data/raw/cvm_itr/itr_cia_aberta_2011__20261004_11f0d8cc.zip
20261004_014443;CVM_ITR;2012.0;itr_cia_aberta_2012.zip;SEM_VERSAO_LOCAL;REGISTRADO;REGISTRADO;False;200;NOVA_VERSAO;1;;False;data/raw/cvm_itr/itr_cia_aberta_2012__20261004_f1d642a1.zip
20261004_014443;CVM_ITR;2013.0;itr_cia_aberta_2013.zip;SEM_VERSAO_LOCAL;REGISTRADO;REGISTRADO;False;200;NOVA_VERSAO;1;;False;data/raw/cvm_itr/itr_cia_aberta_2013__20261004_a336c9d5.zip
20261004_014443;CVM_ITR;2014.0;itr_cia_aberta_2014.zip;SEM_VERSAO_LOCAL;REGISTRADO;REGISTRADO;False;200;NOVA_VERSAO;1;;False;data/raw/cvm_itr/itr_cia_aberta_2014__20261004_c10271ea.zip
20261004_014443;CVM_ITR;2015.0;itr_cia_aberta_2015.zip;SEM_VERSAO_LOCAL;REGISTRADO;REGISTRADO;False;200;NOVA_VERSAO;1;;False;data/raw/cvm_itr/itr_cia_aberta_2015__20261004_2755f06e.zip
20261004_014443;CVM_ITR;2016.0;itr_cia_aberta_2016.zip;SEM_VERSAO_LOCAL;REGISTRADO;REGISTRADO;False;200;NOVA_VERSAO;1;;False;data/raw/cvm_itr/itr_cia_aberta_2016__20261004_3c2954a0.zip
20261004_014443;CVM_ITR;2017.0;itr_cia_aberta_2017.zip;SEM_VERSAO_LOCAL;REGISTRADO;REGISTRADO;False;200;NOVA_VERSAO;1;;False;data/raw/cvm_itr/itr_cia_aberta_2017__20261004_f2e62626.zip
20261004_014443;CVM_ITR;2018.0;itr_cia_aberta_2018.zip;SEM_VERSAO_LOCAL;REGISTRADO;REGISTRADO;False;200;NOVA_VERSAO;1;;False;data/raw/cvm_itr/itr_cia_aberta_2018__20261004_a551278c.zip
20261004_014443;CVM_ITR;2019.0;itr_cia_aberta_2019.zip;SEM_VERSAO_LOCAL;REGISTRADO;REGISTRADO;False;200;NOVA_VERSAO;1;;False;data/raw/cvm_itr/itr_cia_aberta_2019__20261004_dbfe1e32.zip
20261004_014443;CVM_ITR;2020.0;itr_cia_aberta_2020.zip;SEM_VERSAO_LOCAL;REGISTRADO;REGISTRADO;False;200;NOVA_VERSAO;1;;False;data/raw/cvm_itr/itr_cia_aberta_2020__20261004_4ca11b43.zip
20261004_014443;CVM_ITR;2021.0;itr_cia_aberta_2021.zip;SEM_VERSAO_LOCAL;REGISTRADO;REGISTRADO;False;200;NOVA_VERSAO;1;;False;data/raw/cvm_itr/itr_cia_aberta_2021__20261004_c8723d5c.zip
20261004_014443;CVM_ITR;2022.0;itr_cia_aberta_2022.zip;SEM_VERSAO_LOCAL;REGISTRADO;REGISTRADO;False;200;NOVA_VERSAO;1;;False;data/raw/cvm_itr/itr_cia_aberta_2022__20261004_5f243e8d.zip
20261004_014443;CVM_ITR;2023.0;itr_cia_aberta_2023.zip;SEM_VERSAO_LOCAL;REGISTRADO;REGISTRADO;False;200;NOVA_VERSAO;1;;False;data/raw/cvm_itr/itr_cia_aberta_2023__20261004_a59eca20.zip
20261004_014443;CVM_ITR;2024.0;itr_cia_aberta_2024.zip;SEM_VERSAO_LOCAL;REGISTRADO;REGISTRADO;False;200;NOVA_VERSAO;1;;False;data/raw/cvm_itr/itr_cia_aberta_2024__20261004_fe888a09.zip
20261004_014443;CVM_ITR;2025.0;itr_cia_aberta_2025.zip;SEM_VERSAO_LOCAL;REGISTRADO;REGISTRADO;False;200;NOVA_VERSAO;1;;False;data/raw/cvm_itr/itr_cia_aberta_2025__20261004_5c14b3d3.zip
20261004_014443;CVM_ITR;2026.0;itr_cia_aberta_2026.zip;SEM_VERSAO_LOCAL;REGISTRADO;REGISTRADO;False;200;NOVA_VERSAO;1;;False;data/raw/cvm_itr/itr_cia_aberta_2026__20261004_8d055a5a.zip
20261004_014443;CVM_FRE;2011.0;fre_cia_aberta_2011.zip;SEM_VERSAO_LOCAL;REGISTRADO;REGISTRADO;False;200;NOVA_VERSAO;1;;False;data/raw/cvm_fre/fre_cia_aberta_2011__20261004_7ef45a3f.zip
20261004_014443;CVM_FRE;2012.0;fre_cia_aberta_2012.zip;SEM_VERSAO_LOCAL;REGISTRADO;REGISTRADO;False;200;NOVA_VERSAO;1;;False;data/raw/cvm_fre/fre_cia_aberta_2012__20261004_cd48dd32.zip
20261004_014443;CVM_FRE;2013.0;fre_cia_aberta_2013.zip;SEM_VERSAO_LOCAL;REGISTRADO;REGISTRADO;False;200;NOVA_VERSAO;1;;False;data/raw/cvm_fre/fre_cia_aberta_2013__20261004_2c746f2c.zip
20261004_014443;CVM_FRE;2014.0;fre_cia_aberta_2014.zip;SEM_VERSAO_LOCAL;REGISTRADO;REGISTRADO;False;200;NOVA_VERSAO;1;;False;data/raw/cvm_fre/fre_cia_aberta_2014__20261004_8797e5b6.zip
20261004_014443;CVM_FRE;2015.0;fre_cia_aberta_2015.zip;SEM_VERSAO_LOCAL;REGISTRADO;REGISTRADO;False;200;NOVA_VERSAO;1;;False;data/raw/cvm_fre/fre_cia_aberta_2015__20261004_21be79d4.zip
20261004_014443;CVM_FRE;2016.0;fre_cia_aberta_2016.zip;SEM_VERSAO_LOCAL;REGISTRADO;REGISTRADO;False;200;NOVA_VERSAO;1;;False;data/raw/cvm_fre/fre_cia_aberta_2016__20261004_bfd0513d.zip
20261004_014443;CVM_FRE;2017.0;fre_cia_aberta_2017.zip;SEM_VERSAO_LOCAL;REGISTRADO;REGISTRADO;False;200;NOVA_VERSAO;1;;False;data/raw/cvm_fre/fre_cia_aberta_2017__20261004_cb90963d.zip
20261004_014443;CVM_FRE;2018.0;fre_cia_aberta_2018.zip;SEM_VERSAO_LOCAL;REGISTRADO;REGISTRADO;False;200;NOVA_VERSAO;1;;False;data/raw/cvm_fre/fre_cia_aberta_2018__20261004_7a349acb.zip
20261004_014443;CVM_FRE;2019.0;fre_cia_aberta_2019.zip;SEM_VERSAO_LOCAL;REGISTRADO;REGISTRADO;False;200;NOVA_VERSAO;1;;False;data/raw/cvm_fre/fre_cia_aberta_2019__20261004_30f461d5.zip
20261004_014443;CVM_FRE;2020.0;fre_cia_aberta_2020.zip;SEM_VERSAO_LOCAL;REGISTRADO;REGISTRADO;False;200;NOVA_VERSAO;1;;False;data/raw/cvm_fre/fre_cia_aberta_2020__20261004_17d2d911.zip
20261004_014443;CVM_FRE;2021.0;fre_cia_aberta_2021.zip;SEM_VERSAO_LOCAL;REGISTRADO;REGISTRADO;False;200;NOVA_VERSAO;1;;False;data/raw/cvm_fre/fre_cia_aberta_2021__20261004_882e4c19.zip
20261004_014443;CVM_FRE;2022.0;fre_cia_aberta_2022.zip;SEM_VERSAO_LOCAL;REGISTRADO;REGISTRADO;False;200;NOVA_VERSAO;1;;False;data/raw/cvm_fre/fre_cia_aberta_2022__20261004_8dfe3301.zip
20261004_014443;CVM_FRE;2023.0;fre_cia_aberta_2023.zip;SEM_VERSAO_LOCAL;REGISTRADO;REGISTRADO;False;200;NOVA_VERSAO;1;;False;data/raw/cvm_fre/fre_cia_aberta_2023__20261004_99dac78d.zip
20261004_014443;CVM_FRE;2024.0;fre_cia_aberta_2024.zip;SEM_VERSAO_LOCAL;REGISTRADO;REGISTRADO;False;200;NOVA_VERSAO;1;;False;data/raw/cvm_fre/fre_cia_aberta_2024__20261004_1adbfd73.zip
20261004_014443;CVM_FRE;2025.0;fre_cia_aberta_2025.zip;SEM_VERSAO_LOCAL;REGISTRADO;REGISTRADO;False;200;NOVA_VERSAO;1;;False;data/raw/cvm_fre/fre_cia_aberta_2025__20261004_39f130d0.zip
20261004_014443;CVM_FRE;2026.0;fre_cia_aberta_2026.zip;SEM_VERSAO_LOCAL;REGISTRADO;REGISTRADO;False;200;NOVA_VERSAO;1;;False;data/raw/cvm_fre/fre_cia_aberta_2026__20261004_ee25c4fa.zip
20261004_014443;CVM_FCA;2011.0;fca_cia_aberta_2011.zip;SEM_VERSAO_LOCAL;REGISTRADO;REGISTRADO;False;200;NOVA_VERSAO;1;;False;data/raw/cvm_fca/fca_cia_aberta_2011__20261004_f5c7aaa2.zip
20261004_014443;CVM_FCA;2012.0;fca_cia_aberta_2012.zip;SEM_VERSAO_LOCAL;REGISTRADO;REGISTRADO;False;200;NOVA_VERSAO;1;;False;data/raw/cvm_fca/fca_cia_aberta_2012__20261004_ba68b8e8.zip
20261004_014443;CVM_FCA;2013.0;fca_cia_aberta_2013.zip;SEM_VERSAO_LOCAL;REGISTRADO;REGISTRADO;False;200;NOVA_VERSAO;1;;False;data/raw/cvm_fca/fca_cia_aberta_2013__20261004_d62ef489.zip
20261004_014443;CVM_FCA;2014.0;fca_cia_aberta_2014.zip;SEM_VERSAO_LOCAL;REGISTRADO;REGISTRADO;False;200;NOVA_VERSAO;1;;False;data/raw/cvm_fca/fca_cia_aberta_2014__20261004_1f70b5e3.zip
20261004_014443;CVM_FCA;2015.0;fca_cia_aberta_2015.zip;SEM_VERSAO_LOCAL;REGISTRADO;REGISTRADO;False;200;NOVA_VERSAO;1;;False;data/raw/cvm_fca/fca_cia_aberta_2015__20261004_74326a56.zip
20261004_014443;CVM_FCA;2016.0;fca_cia_aberta_2016.zip;SEM_VERSAO_LOCAL;REGISTRADO;REGISTRADO;False;200;NOVA_VERSAO;1;;False;data/raw/cvm_fca/fca_cia_aberta_2016__20261004_229b2cfc.zip
20261004_014443;CVM_FCA;2017.0;fca_cia_aberta_2017.zip;SEM_VERSAO_LOCAL;REGISTRADO;REGISTRADO;False;200;NOVA_VERSAO;1;;False;data/raw/cvm_fca/fca_cia_aberta_2017__20261004_48127cf1.zip
20261004_014443;CVM_FCA;2018.0;fca_cia_aberta_2018.zip;SEM_VERSAO_LOCAL;REGISTRADO;REGISTRADO;False;200;NOVA_VERSAO;1;;False;data/raw/cvm_fca/fca_cia_aberta_2018__20261004_b20056b0.zip
20261004_014443;CVM_FCA;2019.0;fca_cia_aberta_2019.zip;SEM_VERSAO_LOCAL;REGISTRADO;REGISTRADO;False;200;NOVA_VERSAO;1;;False;data/raw/cvm_fca/fca_cia_aberta_2019__20261004_09f84e5f.zip
20261004_014443;CVM_FCA;2020.0;fca_cia_aberta_2020.zip;SEM_VERSAO_LOCAL;REGISTRADO;REGISTRADO;False;200;NOVA_VERSAO;1;;False;data/raw/cvm_fca/fca_cia_aberta_2020__20261004_ccf2ac08.zip
20261004_014443;CVM_FCA;2021.0;fca_cia_aberta_2021.zip;SEM_VERSAO_LOCAL;REGISTRADO;REGISTRADO;False;200;NOVA_VERSAO;1;;False;data/raw/cvm_fca/fca_cia_aberta_2021__20261004_65ba4b02.zip
20261004_014443;CVM_FCA;2022.0;fca_cia_aberta_2022.zip;SEM_VERSAO_LOCAL;REGISTRADO;REGISTRADO;False;200;NOVA_VERSAO;1;;False;data/raw/cvm_fca/fca_cia_aberta_2022__20261004_61efb7bb.zip
20261004_014443;CVM_FCA;2023.0;fca_cia_aberta_2023.zip;SEM_VERSAO_LOCAL;REGISTRADO;REGISTRADO;False;200;NOVA_VERSAO;1;;False;data/raw/cvm_fca/fca_cia_aberta_2023__20261004_44ec83c8.zip
20261004_014443;CVM_FCA;2024.0;fca_cia_aberta_2024.zip;SEM_VERSAO_LOCAL;REGISTRADO;REGISTRADO;False;200;NOVA_VERSAO;1;;False;data/raw/cvm_fca/fca_cia_aberta_2024__20261004_2ad6fda1.zip
20261004_014443;CVM_FCA;2025.0;fca_cia_aberta_2025.zip;SEM_VERSAO_LOCAL;REGISTRADO;REGISTRADO;False;200;NOVA_VERSAO;1;;False;data/raw/cvm_fca/fca_cia_aberta_2025__20261004_23c282d6.zip
20261004_014443;CVM_FCA;2026.0;fca_cia_aberta_2026.zip;SEM_VERSAO_LOCAL;REGISTRADO;REGISTRADO;False;200;NOVA_VERSAO;1;;False;data/raw/cvm_fca/fca_cia_aberta_2026__20261004_80c1f1a0.zip
20261004_014443;B3_COTAHIST;2011.0;COTAHIST_A2011.zip;SEM_VERSAO_LOCAL;REGISTRADO;REGISTRADO;False;200;NOVA_VERSAO;1;;False;data/raw/b3_cotahist/COTAHIST_A2011__20261004_0cf67787.zip
20261004_014443;B3_COTAHIST;2012.0;COTAHIST_A2012.zip;SEM_VERSAO_LOCAL;REGISTRADO;REGISTRADO;False;200;NOVA_VERSAO;1;;False;data/raw/b3_cotahist/COTAHIST_A2012__20261004_98771b12.zip
20261004_014443;B3_COTAHIST;2013.0;COTAHIST_A2013.zip;SEM_VERSAO_LOCAL;REGISTRADO;REGISTRADO;False;200;NOVA_VERSAO;1;;False;data/raw/b3_cotahist/COTAHIST_A2013__20261004_b6dfb0d7.zip
20261004_014443;B3_COTAHIST;2014.0;COTAHIST_A2014.zip;SEM_VERSAO_LOCAL;REGISTRADO;REGISTRADO;False;200;NOVA_VERSAO;1;;False;data/raw/b3_cotahist/COTAHIST_A2014__20261004_613d76f8.zip
20261004_014443;B3_COTAHIST;2015.0;COTAHIST_A2015.zip;SEM_VERSAO_LOCAL;REGISTRADO;REGISTRADO;False;200;NOVA_VERSAO;1;;False;data/raw/b3_cotahist/COTAHIST_A2015__20261004_593f8740.zip
20261004_014443;B3_COTAHIST;2016.0;COTAHIST_A2016.zip;SEM_VERSAO_LOCAL;REGISTRADO;REGISTRADO;False;200;NOVA_VERSAO;1;;False;data/raw/b3_cotahist/COTAHIST_A2016__20261004_ffc82a9b.zip
20261004_014443;B3_COTAHIST;2017.0;COTAHIST_A2017.zip;SEM_VERSAO_LOCAL;REGISTRADO;REGISTRADO;False;200;NOVA_VERSAO;1;;False;data/raw/b3_cotahist/COTAHIST_A2017__20261004_af6aaa85.zip
20261004_014443;B3_COTAHIST;2018.0;COTAHIST_A2018.zip;SEM_VERSAO_LOCAL;REGISTRADO;REGISTRADO;False;200;NOVA_VERSAO;1;;False;data/raw/b3_cotahist/COTAHIST_A2018__20261004_9d661361.zip
20261004_014443;B3_COTAHIST;2019.0;COTAHIST_A2019.zip;SEM_VERSAO_LOCAL;REGISTRADO;REGISTRADO;False;200;NOVA_VERSAO;1;;False;data/raw/b3_cotahist/COTAHIST_A2019__20261004_5170d3f8.zip
20261004_014443;B3_COTAHIST;2020.0;COTAHIST_A2020.zip;SEM_VERSAO_LOCAL;REGISTRADO;REGISTRADO;False;200;NOVA_VERSAO;1;;False;data/raw/b3_cotahist/COTAHIST_A2020__20261004_86442168.zip
20261004_014443;B3_COTAHIST;2021.0;COTAHIST_A2021.zip;SEM_VERSAO_LOCAL;REGISTRADO;REGISTRADO;False;200;NOVA_VERSAO;1;;False;data/raw/b3_cotahist/COTAHIST_A2021__20261004_b0d4aed1.zip
20261004_014443;B3_COTAHIST;2022.0;COTAHIST_A2022.zip;SEM_VERSAO_LOCAL;REGISTRADO;REGISTRADO;False;200;NOVA_VERSAO;1;;False;data/raw/b3_cotahist/COTAHIST_A2022__20261004_a4f9015b.zip
20261004_014443;B3_COTAHIST;2023.0;COTAHIST_A2023.zip;SEM_VERSAO_LOCAL;REGISTRADO;REGISTRADO;False;200;NOVA_VERSAO;1;;False;data/raw/b3_cotahist/COTAHIST_A2023__20261004_ad160378.zip
20261004_014443;B3_COTAHIST;2024.0;COTAHIST_A2024.zip;SEM_VERSAO_LOCAL;REGISTRADO;REGISTRADO;False;200;NOVA_VERSAO;1;;False;data/raw/b3_cotahist/COTAHIST_A2024__20261004_96a003d1.zip
20261004_014443;B3_COTAHIST;2025.0;COTAHIST_A2025.zip;SEM_VERSAO_LOCAL;REGISTRADO;REGISTRADO;False;200;NOVA_VERSAO;1;;False;data/raw/b3_cotahist/COTAHIST_A2025__20261004_6cc0ad85.zip
20261004_014443;B3_COTAHIST;2026.0;COTAHIST_A2026.zip;SEM_VERSAO_LOCAL;REGISTRADO;REGISTRADO;False;200;NOVA_VERSAO;1;;False;data/raw/b3_cotahist/COTAHIST_A2026__20261004_67a343ae.zip
