ID_ATIVO;TICKER_YAHOO;DATA_EX;VALOR_POR_ACAO
WLMM3;WLMM3.SA;2019-05-02;0.1896
WLMM3;WLMM3.SA;2020-05-04;0.31975
WLMM3;WLMM3.SA;2021-04-07;0.07552
WLMM3;WLMM3.SA;2021-05-03;0.34413
WLMM3;WLMM3.SA;2021-07-06;0.07552
WLMM3;WLMM3.SA;2021-10-11;0.07552
WLMM3;WLMM3.SA;2022-01-10;0.1172
WLMM3;WLMM3.SA;2022-04-05;0.08594
WLMM3;WLMM3.SA;2022-05-02;0.25287
WLMM3;WLMM3.SA;2022-06-24;0.26686
WLMM3;WLMM3.SA;2022-07-07;0.08594
WLMM3;WLMM3.SA;2022-10-18;0.130212
WLMM3;WLMM3.SA;2023-01-09;0.260423
WLMM3;WLMM3.SA;2023-05-02;0.399
WLMM3;WLMM3.SA;2023-08-09;0.208339
WLMM3;WLMM3.SA;2023-11-13;0.208339
WLMM3;WLMM3.SA;2024-02-09;0.208339
WLMM3;WLMM3.SA;2024-04-30;0.66323
WLMM3;WLMM3.SA;2024-08-13;0.208339
WLMM3;WLMM3.SA;2024-11-11;0.182296
WLMM3;WLMM3.SA;2025-02-17;0.208339
WLMM3;WLMM3.SA;2025-04-30;0.86745
WLMM3;WLMM3.SA;2025-09-10;0.325529
WLMM3;WLMM3.SA;2025-12-29;0.937524
WLMM3;WLMM3.SA;2026-01-09;0.325529
WLMM3;WLMM3.SA;2026-06-11;0.260423
WLMM3;WLMM3.SA;2026-08-25;0.260423
